instid	locid	zipcode	year	students	name	lat	lon
344	166	19132	2003	17	ALLEN E. COMPREHEN. DAY CARE - 4449	39.995412	-75.16977
819	386806	19122	2011	16	ABRAXAS @ HARRISON ELEMENTARY - 8808	39.977662	-75.14336
347	561	19116	2010	18	FEL - LASSIN HS - 1631	40.117413	-75.0154
342	40	19139	2006	317	MYA-MIDDLE YEARS ALTERNATIVE - 1580	39.961812	-75.23003
343	190	19133	2001	713	DEBURGOS, J. ELEMENTARY - 5170	39.992862	-75.14054
810	386812	19146	2009	9	BARRATT MIDDLE SCHOOL CELC - 2113	39.938512	-75.18067
812	386804	19111	2009	35	ABRAXAS @ FELS SCHOOL BLDG. - 8801	40.057661	-75.08018
813	386811	19143	2010	8	ABRAXAS @ SHAW MIDDLE SCHOOL - 8802	39.944162	-75.22718
348	562	19120	2012	3	ASPIRA HEAD START - 1650	40.033944	-75.12118
349	413	19141	2008	21	GIRLS HIGH SCHOOL CELC - 6058	40.035778	-75.1447
816	386809	19132	2011	11	ABRAXAS @ L.P. HILL ELEMENTARY - 8805	39.995412	-75.16977
817	386810	19141	2009	19	ABRAXAS @ LOGAN ELEMENTARY - 8806	40.035778	-75.1447
595	66	19121	2012	21	MORRIS, ROBERT SCHOOL - 2390	39.981062	-75.1745
719	84470	19104	2011	19	PARENT-INFANT CENTER ECE - 0041	39.961612	-75.19957
718	84469	19139	2010	82	T.Y.L. II ECE - 0040	39.961812	-75.23003
717	84468	19135	2008	27	ST. STEPHENS ECE - 0039	40.023611	-75.04966
715	84465	19130	2009	4	PEOPLE FOR PEOPLE ECE - 0037	39.968262	-75.17222
712	85057	19104	2009	8	MONTGOMERY - FAMILY 1ST ECE - 0034	39.961612	-75.19957
711	85056	19145	2010	3	MOLLY'S CHILD CARE ECE - 0033	39.922262	-75.18259
710	85055	19120	2009	16	MI FAMILIA ECE - 0032	40.033944	-75.12118
594	222	19120	2005	779	MARSHALL, THURGOOD SCHOOL - 5500	40.033944	-75.12118
298	452	19148	2008	41	VARE, A. HEAD START - 272P	39.919812	-75.15803
299	156	19131	2003	605	MANN, WILLIAM B. SCHOOL - 4340	39.981112	-75.22486
296	329	19149	2002	788	SOLIS-COHEN, SOLOMON SCHOOL - 8340	40.037711	-75.06658
297	479	19146	2007	14	MCDANIEL ANNEX HEAD START - 4230	39.938512	-75.18067
294	220	19123	2004	325	KEARNY, GEN. PHILIP SCHOOL - 5480	39.964012	-75.14764
295	75	19146	2012	2	ARTHUR, CHESTER A. SCHOOL - 2480	39.938512	-75.18067
292	235	19129	2011	420	RANDOLPH TECHNICAL HIGH SCHOOL - 6090	40.011562	-75.1839
293	505	19130	2009	26	FRANKLIN HIGH BRIGHT FUTURES - 2019	39.968262	-75.17222
290	440	19115	2010	65	FRANK, ANNE HEAD START - 8401	40.09261	-75.04118
291	355	19132	2005	8	HILL, L.P. CELC - 4458	39.995412	-75.16977
590	480	19134	2010	44	WEBSTER SCHOOL HEAD START - 3390	39.991712	-75.11116
593	161	19132	2006	467	STANTON, M. HALL SCHOOL - 4400	39.995412	-75.16977
592	377	19138	2010	63	DAY, A.B. HEAD START - 6202	40.055861	-75.15654
199	268	19144	2007	912	KELLY, JOHN B. SCHOOL - 6470	40.034111	-75.17203
198	581	19130	2012	46	PARENT CHILD HOME - 1702	39.968262	-75.17222
597	240	19138	2012	29	DAY, ANNA B. SCHOOL - 6200	40.055861	-75.15654
596	56	19130	2011	401	BACHE-MARTIN SCHOOL - 2210	39.968262	-75.17222
195	435	19119	2007	28	EMLEN HEAD START - 6843	40.053511	-75.18858
194	232	19128	2004	634	SAUL, WALTER B. HIGH SCHOOL - 6040	40.038944	-75.22104
197	7	19143	2011	274	SHAW, ANNA H. MIDDLE SCH - 1110	39.944162	-75.22718
196	290	19135	2010	967	LAWTON, HENRY W. SCHOOL - 7330	40.023611	-75.04966
191	170	19151	2012	13	OVERBROOK EDUCATIONAL CENTER - 4480	39.975929	-75.25256
190	401	19141	2011	95	LOGAN SCHOOL ANNEX HEAD START - 6302	40.035778	-75.1447
193	408	19120	2005	43	MARSHALL, T. HEAD START - 5507	40.033944	-75.12118
192	518	19140	2010	63	KEN-CREST NORTH HEAD START - 2750	40.012212	-75.14503
270	378	19133	2012	8	HARTRANFT HEAD START - 5323	39.992862	-75.14054
271	256	19138	2010	745	PASTORIUS, FRANCIS D. SCHOOL - 6330	40.055861	-75.15654
272	177	19140	2008	2070	CEP HUNTING PARK - 5030	40.012212	-75.14503
273	323	19111	2010	2	FOX CHASE SCHOOL CELC - 8261	40.057661	-75.08018
275	49	19121	2002	613	VAUX, ROBERTS HIGH SCHOOL - 2130	39.981062	-75.1745
276	405	19121	2006	30	KELLEY, W.D. HEAD START - 4561	39.981062	-75.1745
277	6	19139	2011	725	SAYRE, WILLIAM L. HIGH SCHOOL - 1100	39.961812	-75.23003
278	443	19142	2009	21	PATTERSON BRIGHT FUTURES - 1405	39.922612	-75.23453
279	565	19146	2007	26	CHILDS HEAD START - 2261	39.938512	-75.18067
524	559	19148	2007	14	BILINGUAL HEAD START PROGRAM - 1241	39.919812	-75.15803
525	11	19143	2003	969	TURNER, JOHN P. MIDDLE SCHOOL - 1160	39.944162	-75.22718
527	4	19153	2009	545	COMMUNICATIONS TECHNOLOGY HS - 1060	39.898985	-75.23221
520	237	19144	2004	781	ROOSEVELT, THEODORE MIDDLE SCH - 6110	40.034111	-75.17203
521	189	19123	2011	565	BODINE, WILLIAM W. H.S. - 5150	39.964012	-75.14764
522	292	19124	2010	491	MARSHALL, JOHN SCHOOL - 7360	40.017362	-75.08769
528	461	19149	2008	23	SPRUANCE BRIGHT FUTURES - 8834	40.037711	-75.06658
529	566	19147	2009	45	KIRKBRIDE HEAD START - 2581	39.936562	-75.15409
448	257	19141	2012	20	PENNELL, JOSEPH ELEMENTARY - 6340	40.035778	-75.1447
443	438	19104	2011	4	WALNUT CENTER CELC - 1271	39.961612	-75.19957
441	171	19121	2010	86	DOUGLASS, FREDERICK SCHOOL - 4510	39.981062	-75.1745
447	375	19147	2004	20	NEBINGER SCHOOL CELC - 2598	39.936562	-75.15409
446	295	19120	2012	37	MORRISON, ANDREW J. SCHOOL - 7390	40.033944	-75.12118
445	76	19146	2004	33	ELLSWORTH HEAD START - 2482	39.938512	-75.18067
102	556	19147	2012	3	ACADEMY AT PALUMBO - 2620	39.936562	-75.15409
103	244	19144	2010	433	FULTON, ROBERT SCHOOL - 6240	40.034111	-75.17203
100	50	19130	2002	411	MASTERMAN, JULIA R. HIGH SCHL. - 2140	39.968262	-75.17222
101	211	19133	2009	540	POTTER-THOMAS SCHOOL - 5390	39.992862	-75.14054
106	208	19122	2004	26	MCKINLEY HEAD START - 5352	39.977662	-75.14336
105	522	19121	2006	5	MEADE BRIGHT FUTURES - 4573	39.981062	-75.1745
38	382	19150	2005	7	MCCLOSKEY CELC - 6318	40.07226	-75.17106
33	69	19121	2006	496	REYNOLDS, GEN. JOHN F. SCHOOL - 2420	39.981062	-75.1745
32	217	19134	2003	343	CARROLL, CHARLES HIGH SCHOOL - 5450	39.991712	-75.11116
30	501	19128	2009	21	LEVERING SCHOOL BRIGHT FUTURES - 6295	40.038944	-75.22104
37	198	19134	2006	1255	ELKIN, LEWIS SCHOOL - 5260	39.991712	-75.11116
36	370	19131	2005	1	BLANKENBURG COMPREHEN.DAY CARE - 1491	39.981112	-75.22486
35	393	19143	2007	14	HARRITY BRIGHT FUTURES - 1315	39.944162	-75.22718
641	310	19116	2010	2444	WASHINGTON, GEORGE HIGH SCHOOL - 8030	40.117413	-75.0154
640	80	19148	2009	388	JENKS, ABRAM SCHOOL - 2520	39.919812	-75.15803
642	437	19142	2012	2	CATHARINE ANNEX HEAD START - 1251	39.922612	-75.23453
438	23	19139	2002	836	LEA, HENRY C. - 1340	39.961812	-75.23003
439	395	19120	2004	4	OLNEY HIGH CELC - 7021	40.033944	-75.12118
436	18	19104	2011	564	PENN ALEXANDER SCHOOL - 1280	39.961612	-75.19957
437	216	19134	2007	851	WILLARD, FRANCES E. SCHOOL - 5440	39.991712	-75.11116
434	83	19147	2011	272	NEBINGER, GEORGE W. SCHOOL - 2590	39.936562	-75.15409
435	297	19124	2001	803	SMEDLEY, FRANKLIN SCHOOL - 7420	40.017362	-75.08769
433	511	19136	2010	41	LINCOLN HIGH BRIGHT FUTURES - 8014	40.041111	-75.02644
431	234	19138	2012	47	KING, MARTIN LUTHER HIGH SCH. - 6060	40.055861	-75.15654
339	221	19140	2010	449	CAYUGA SCHOOL - 5490	40.012212	-75.14503
338	54	19148	2002	507	FELL, D. NEWLIN SCHOOL - 2190	39.919812	-75.15803
335	248	19138	2001	486	KINSEY, JOHN L. SCHOOL - 6280	40.055861	-75.15654
334	554	19106	2011	376	CONSTITUTION HIGH SCHOOL - 2670	39.951062	-75.14589
336	506	19120	2011	7	OLNEY HIGH BRIGHT FUTURES - 7025	40.033944	-75.12118
331	531	19134	2012	2	CARROLL HIGH SCHOOL HEAD START - 5453	39.991712	-75.11116
330	497	19146	2007	4	MCDANIEL ANNEX BRIGHT FUTURES - 2375	39.938512	-75.18067
333	181	19119	2010	307	PARKWAY-NORTHWEST HIGH SCHOOL - 5070	40.053511	-75.18858
332	245	19119	2008	553	HENRY, CHARLES W. SCHOOL - 6250	40.053511	-75.18858
744	87131	19149	2009	48	KINDER ACADEMY - MAYFAIR ECE - 0066	40.037711	-75.06658
745	87100	19142	2010	6	PHILADELPHIA MONTESSORI ECE - 0067	39.922612	-75.23453
854	1172114	19144	2012	5	FULTON SCHOOL HEAD START - 6242	40.034111	-75.17203
818	386808	19114	2010	23	ABRAXAS @ HOLME ELEMENTARY - 8807	40.064257	-75.00155
856	1215628	19130	2012	170	FRANKLIN HIGH SCHOOL EOP - 3210	39.968262	-75.17222
857	1253891	19154	2011	21	SPIN - DRUMMOND HEAD START - 0088	40.09146	-74.97719
851	1014874	19133	2011	41	FAIRHILL SCHOOL HEAD START - 5283	39.992862	-75.14054
852	1014879	19149	2011	20	SOLIS-COHEN SCHOOL HEAD START - 8342	40.037711	-75.06658
345	478	19132	2007	104	CORNELL ABRAXAS - 8170	39.995412	-75.16977
858	1320378	19103	2012	5	FAMILY SUPPORT CENTER - 5032	39.952162	-75.17406
99	460	19150	2007	14	EDMONDS, F.S. BRIGHT FUTURES - 6211	40.07226	-75.17106
98	344	19139	2012	2	LEA SCHOOL HEAD START - 1027	39.961812	-75.23003
844	1015007	19140	2012	108	PYDA @ HUNTING PARK - 3160	40.012212	-75.14503
91	493	19126	2009	22	NIA BRIGHT FUTURES - 6345	40.055411	-75.13793
93	258	19138	2005	606	PENNYPACKER, SAMUEL SCHOOL - 6350	40.055861	-75.15654
92	364	19126	2010	78	NIA HEAD START - 6346	40.055411	-75.13793
95	419	19121	2007	42	YOUNG SCHOLARS-DOUGLASS HD ST - 4513	39.981062	-75.1745
94	51	19130	2004	762	MASTERMAN, JULIA R. MIDDLE SCH - 2141	39.968262	-75.17222
97	473	19120	2011	60	OLNEY WEST HIGH SCHOOL - 7040	40.033944	-75.12118
96	636	19124	2010	20	JUNIATA PARK BRIGHT FUTURES - 7151	40.017362	-75.08769
814	386801	19141	2009	15	ABRAXAS @ BIRNEY ELEMENTARY - 8803	40.035778	-75.1447
815	386803	19154	2009	8	ABRAXAS @ DECATUR ELEMENTARY - 8804	40.09146	-74.97719
740	87127	19125	2009	15	KEN-CREST - LEHIGH ECE - 0062	39.978162	-75.12565
741	87128	19140	2010	7	KEN-CREST - NORTH ECE - 0063	40.012212	-75.14503
742	87129	19148	2012	1	KEN-CREST - SOUTH ECE - 0064	39.919812	-75.15803
743	87130	19143	2010	9	KEN-CREST - WEST ECE - 0065	39.944162	-75.22718
559	557	19134	2007	206	ACCELERATED LEARNING ACADEMY - 8110	39.991712	-75.11116
746	87101	19122	2012	2	NORRIS SQUARE CIVIC ASSOC ECE - 0068	39.977662	-75.14336
747	87103	19140	2010	103	PORTERS DAY CARE ECE - 0069	40.012212	-75.14503
555	372	19140	2011	7	TRINITY HEAD START - 6473	40.012212	-75.14503
554	160	19132	2007	492	PRATT, ANNA B. SCHOOL - 4390	39.995412	-75.16977
557	253	19150	2011	421	MCCLOSKEY, JOHN F. SCHOOL - 6310	40.07226	-75.17106
556	73	19146	2010	255	STANTON, EDWIN M. SCHOOL - 2450	39.938512	-75.18067
551	35	19104	2008	1010	CEP - MILLER - 1450	39.961612	-75.19957
550	298	19124	2007	837	SULLIVAN, JAMES J. SCHOOL - 7430	40.017362	-75.08769
553	20	19143	2011	574	HARRINGTON, AVERY D. SCHOOL - 1300	39.944162	-75.22718
238	246	19119	2002	788	HOUSTON, HENRY H. SCHOOL - 6260	40.053511	-75.18858
239	515	19106	2010	105	CHILDREN'S VILLAGE HEAD START - 8839	39.951062	-75.14589
234	631	19140	2011	46	STEEL SCHOOL HEAD START - 6392	40.012212	-75.14503
235	214	19133	2001	791	WELSH, JOHN SCHOOL - 5420	39.992862	-75.14054
236	39	19104	2011	368	LEIDY, JOSEPH SCHOOL - 1530	39.961612	-75.19957
237	201	19122	2007	531	FERGUSON, JOSEPH C. SCHOOL - 5290	39.977662	-75.14336
230	284	19120	2005	1107	FINLETTER, THOMAS K. SCHOOL - 7270	40.033944	-75.12118
231	412	19138	2012	2	KINSEY SCHOOL BRIGHT FUTURES - 6285	40.055861	-75.15654
232	289	19141	2008	353	HOWE, JULIA WARD SCHOOL - 7320	40.035778	-75.1447
233	24	19143	2010	618	LONGSTRETH, WILLIAM C. SCHOOL - 1350	39.944162	-75.22718
1	261	19141	2009	188	WIDENER MEMORIAL SCHOOL - 6400	40.035778	-75.1447
614	249	19144	2009	24	ROOSEVELT MIDDLE SCHOOL CELC - 6288	40.034111	-75.17203
146	38	19131	2010	436	BLANKENBURG, RUDOLPH SCHOOL - 1490	39.981112	-75.22486
147	286	19124	2011	516	STEARNE, ALLEN M. SCHOOL - 7290	40.017362	-75.08769
144	487	19143	2011	44	MITCHELL HEAD START - 4190	39.944162	-75.22718
142	483	19140	2010	19	CLEVELAND SCHOOL HEAD START - 4250	40.012212	-75.14503
143	379	19144	2005	46	GERMANTOWN HEAD START - 6241	40.034111	-75.17203
140	498	19139	2011	69	HAVERFORD CTR BRIGHT FUTURES - 1475	39.961812	-75.23003
141	484	19124	2012	2	GLADING HEAD START - 2030	40.017362	-75.08769
612	407	19121	2012	3	BLAINE HEAD START - 4227	39.981062	-75.1745
613	380	19144	2010	73	MASTERY-PICKETT HEAD START - 6243	40.034111	-75.17203
610	385	19145	2006	25	ASSUMPTION ANNEX HEAD START - 2202	39.922262	-75.18259
611	206	19122	2010	367	LUDLOW, JAMES R. SCHOOL - 5340	39.977662	-75.14336
617	209	19122	2011	486	MOFFET, JOHN SCHOOL - 5370	39.977662	-75.14336
148	241	19150	2012	23	EDMONDS, FRANKLIN S. SCHOOL - 6210	40.07226	-75.17106
149	146	19121	2007	432	BLAINE, JAMES G. SCHOOL - 4220	39.981062	-75.1745
689	84482	19152	2008	15	A STEP AHEAD ECE - 0011	40.059611	-75.04837
685	78292	19120	2011	2	BARTON BRIGHT FUTURES - 7202	40.033944	-75.12118
684	78293	19120	2007	14	BARTON HEAD START - 7201	40.033944	-75.12118
687	78290	19148	2008	312	ACCEL. LEARNING ACDMY-SOUTHERN - 8290	39.919812	-75.15803
686	78291	19154	2010	412	ARTS ACADEMY AT BENJAMIN RUSH - 8040	40.09146	-74.97719
681	78565	19131	2010	398	OVERBROOK HIGH SCHOOL EOP - 3870	39.981112	-75.22486
680	78564	19120	2009	436	OLNEY HIGH SCHOOL EOP - 3860	40.033944	-75.12118
683	78499	19122	2008	505	WILLIAM PENN HIGH SCHOOL EOP - 3890	39.977662	-75.14336
682	78498	19148	2012	191	SOUTH PHILA HIGH SCHOOL EOP - 3880	39.919812	-75.15803
133	464	19128	2006	17	SHAWMONT BRIGHT FUTURES - 6866	40.038944	-75.22104
131	314	19154	2004	1193	RUSH, BENJAMIN MIDDLE SCHOOL - 8150	40.09146	-74.97719
130	424	19104	2004	7	HEAD START-BELMONT SCHOOL - 1211	39.961612	-75.19957
137	535	19124	2012	13	SPIN-FRANKFORD HEAD START - 1590	40.017362	-75.08769
136	551	19142	2008	40	PHILADELPHIA MONTESSORI HS - 2050	39.922612	-75.23453
134	411	19133	2012	5	CLYMER HEAD START - 5228	39.992862	-75.14054
494	368	19143	2005	1	ANDERSON COMPREHEN. DAY CARE - 1468	39.944162	-75.22718
139	143	19132	2012	18	STRAWBERRY MANSION HIGH SCHOOL - 4140	39.995412	-75.16977
497	85	19148	2012	35	SOUTHWARK SCHOOL - 2640	39.919812	-75.15803
490	184	19134	2010	1020	JONES, JOHN PAUL MIDDLE SCHOOL - 5100	39.991712	-75.11116
491	162	19132	2004	1	WALTON, RUDOLPH S. SCHOOL - 4420	39.995412	-75.16977
492	374	19141	2010	58	BROAD STREET HEAD START - 2489	40.035778	-75.1447
493	448	19151	2006	4	OVERBROOK HIGH SCHOOL CELC - 4378	39.975929	-75.25256
24	332	19116	2007	431	COMLY, WATSON SCHOOL - 8370	40.117413	-75.0154
25	61	19121	2002	329	CAMELOT SCHOOL @ BOONE - 2310	39.981062	-75.1745
26	548	19133	2011	90	APM HEAD START - 2250	39.992862	-75.14054
27	417	19131	2011	97	HILL, L.P. HEAD START - 4451	39.981112	-75.22486
20	231	19128	2002	1355	ROXBOROUGH HIGH SCHOOL - 6030	40.038944	-75.22104
21	309	19111	2012	58	NORTHEAST HIGH SCHOOL - 8020	40.057661	-75.08018
22	347	19153	2011	226	MOTIVATION HIGH SCHOOL - 1190	39.898985	-75.23221
23	267	19138	2003	7	HILL J.E. COMPREHEN. DAY CARE - 6468	40.055861	-75.15654
28	200	19133	2010	632	FAIRHILL SCHOOL - 5280	39.992862	-75.14054
29	350	19124	2011	59	FRANKFORD CENTER HEAD START - 7294	40.017362	-75.08769
406	247	19118	2005	523	JENKS, JOHN S. SCHOOL - 6270	40.07236	-75.20772
405	321	19136	2010	1254	FORREST, EDWIN SCHOOL - 8250	40.041111	-75.02644
404	420	19111	2009	21	FOX CHASE BRIGHT FUTURES - 8265	40.057661	-75.08018
403	526	19144	2009	25	GERMANTOWN HIGH BRIGHT FUTURES - 6025	40.034111	-75.17203
402	539	19133	2011	120	LIGHTHOUSE HS - 5871	39.992862	-75.14054
401	524	19144	2006	12	WISTER BRIGHT FUTURES - 6438	40.034111	-75.17203
629	335	19115	2012	35	FRANK, ANNE SCHOOL - 8400	40.09261	-75.04118
409	149	19121	2011	352	DICK, WILLIAM SCHOOL - 4270	39.981062	-75.1745
408	5	19104	2003	2110	UNIVERSITY CITY HIGH SCHOOL - 1080	39.961612	-75.19957
628	10	19153	2005	1185	PEPPER, GEORGE MIDDLE SCHOOL - 1150	39.898985	-75.23221
758	87115	19133	2010	44	FAIRHILL SCHOOL BRIGHT FUTURES - 5282	39.992862	-75.14054
379	475	19122	2007	258	PHILA MILITARY ACAD @ ELVERSON - 5050	39.977662	-75.14336
829	407637	19138	2012	31	OMBUDSMAN ACCELERATED NORTHWST - 3540	40.055861	-75.15654
828	407638	19115	2011	17	OMBUDSMAN NORTHEAST ACCELERATE - 3530	40.09261	-75.04118
825	407950	19124	2011	456	EXCEL ACADEMY SOUTH - 3290	40.017362	-75.08769
373	457	19149	2010	21	SOLIS-COHEN BRIGHT FUTURES - 8348	40.037711	-75.06658
826	407949	19133	2010	208	EL CENTRO DE ESTUDIANTES - 3510	39.992862	-75.14054
375	390	19132	2010	65	PEIRCE, T.M. HEAD START - 4433	39.995412	-75.16977
374	523	19143	2008	100	KEN-CREST WEST HEAD START - 2780	39.944162	-75.22718
377	317	19149	2011	970	ALLEN, ETHAN SCHOOL - 8200	40.037711	-75.06658
376	250	19128	2006	316	LEVERING, WILLIAM SCHOOL - 6290	40.038944	-75.22104
708	85053	19146	2009	76	LINCOLN DAY NURSERY ECE - 0030	39.938512	-75.18067
709	85054	19141	2010	4	LITTLE FRIENDS ECE - 0031	40.035778	-75.1447
704	85049	19154	2011	15	KINDER ACADEMY - PARKWOOD ECE - 0026	40.09146	-74.97719
706	85051	19120	2012	2	KOREAN COMM. - RISING SUN ECE - 0028	40.033944	-75.12118
707	85052	19129	2010	47	LES PETITS CHERUBS ECE - 0029	40.011562	-75.1839
700	83911	19106	2008	14	GREEN BYRNE ECE - 0022	39.951062	-75.14589
618	360	19140	2010	3	MUNOZ-MARIN SCHOOL CELC - 5688	40.012212	-75.14503
703	85048	19152	2009	24	KINDER ACADEMY - BUSTLETON ECE - 0025	40.059611	-75.04837
393	141	19140	2006	490	GILLESPIE, ELIZ. MIDDLE SCHOOL - 4120	40.012212	-75.14503
392	455	19141	2011	44	PENNELL HEAD START - 6341	40.035778	-75.1447
88	197	19122	2001	322	DUNBAR, PAUL L. SCHOOL - 5250	39.977662	-75.14336
619	53	19148	2011	656	FURNESS, HORACE HIGH SCHOOL - 2160	39.919812	-75.15803
395	418	19121	2012	3	DUCKREY HEAD START - 4463	39.981062	-75.1745
394	569	19122	2008	6	PENN, WILLIAM HIGH BF - 5043	39.977662	-75.14336
82	157	19131	2003	39	MASTERY-MANN HEAD START - 4341	39.981112	-75.22486
83	72	19146	2006	490	SMITH, WALTER G. SCHOOL - 2440	39.938512	-75.18067
399	283	19126	2004	577	ELLWOOD SCHOOL - 7260	40.055411	-75.13793
81	229	19141	2004	2363	CENTRAL HIGH SCHOOL - 6010	40.035778	-75.1447
87	462	19116	2006	40	LOESCHE BRIGHT FUTURES - 8835	40.117413	-75.0154
796	370324	19148	2011	20	VARE, A. SCHOOL BRIGHT FUTURES - 2721	39.919812	-75.15803
795	370325	19130	2009	25	WARING SCHOOL BRIGHT FUTURES - 2491	39.968262	-75.17222
794	369611	19130	2012	41	RE-ENGAGEMENT CENTER - 8900	39.968262	-75.17222
793	366277	19124	2011	287	NORTH PHILA COMMUNITY HS - 8890	40.017362	-75.08769
792	366211	19106	2010	1	E3 SKILLS CENTER - 8580	39.951062	-75.14589
791	366279	19104	2009	26	THE BRIDGE - 8570	39.961612	-75.19957
790	366278	19124	2010	115	OPEN DOOR HIGH SCHOOL - 8550	40.017362	-75.08769
799	370318	19120	2012	1	FINLETTER SCHOOL HEAD START - 7271	40.033944	-75.12118
798	370323	19138	2011	39	PENNYPACKER SCHOOL HEAD START - 6352	40.055861	-75.15654
7	291	19120	2011	1056	LOWELL, JAMES R. SCHOOL - 7350	40.033944	-75.12118
601	570	19120	2012	2	FELTONVILLE HEAD START - 7313	40.033944	-75.12118
586	386	19130	2010	33	BACHE MARTIN CELC - 2218	39.968262	-75.17222
587	147	19151	2011	690	CASSIDY,LEWIS C ACADEMICS PLUS - 4240	39.975929	-75.25256
584	346	19143	2007	29	TURNER CENTER HEAD START - 1168	39.944162	-75.22718
585	64	19145	2011	994	MCDANIEL, DELAPLAINE SCHOOL - 2370	39.922262	-75.18259
582	481	19131	2012	2	METHODIST SVCS./EDUCARE HS - 1820	39.981112	-75.22486
583	359	19134	2008	140	WILLARD ANNEX HEAD START - 5442	39.991712	-75.11116
580	26	19143	2012	23	MITCHELL ELEMENTARY SCHOOL - 1370	39.944162	-75.22718
589	402	19129	2011	68	MIFFLIN HEAD START - 6324	40.011562	-75.1839
245	152	19131	2007	714	BLUFORD, GUION S. SCHOOL - 4290	39.981112	-75.22486
244	271	19128	2009	322	LANKENAU HIGH SCHOOL - 6540	40.038944	-75.22104
247	450	19154	2005	23	FITZPATRICK BRIGHT FUTURES - 8831	40.09146	-74.97719
241	173	19121	2010	362	KELLEY, WILLIAM D. SCHOOL - 4560	39.981062	-75.1745
243	265	19127	2001	309	DOBSON, JAMES SCHOOL - 6450	40.026626	-75.22311
242	615	19125	2011	40	BROWN, H.A. SCHOOL HEAD START - 5212	39.978162	-75.12565
606	429	19145	2006	27	BREGY SCHOOL HEAD START - 2242	39.922262	-75.18259
248	186	19134	2010	65	STETSON, JOHN B. MIDDLE SCHOOL - 5120	39.991712	-75.11116
519	431	19132	2011	42	PRATT HEAD START - 4394	39.995412	-75.16977
518	148	19140	2010	744	CLEVELAND, GROVER SCHOOL - 4260	40.012212	-75.14503
511	451	19128	2010	44	COOK-WISSAHICKON HEAD START - 6417	40.038944	-75.22104
510	2	19139	2009	1127	WEST PHILADELPHIA HIGH SCHOOL - 1020	39.961812	-75.23003
513	63	19106	2002	499	MC CALL, GEN. GEORGE A. SCHOOL - 2340	39.951062	-75.14589
515	361	19134	2005	3	WEBSTER-COMPREHENSIVE DAY CARE - 5591	39.991712	-75.11116
514	341	19152	2005	7	RHAWNHURST SCHOOL CELC - 8585	40.059611	-75.04837
516	266	19138	2004	248	HILL-FREEDMAN MIDDLE SCHOOL - 6460	40.055861	-75.15654
621	458	19120	2011	22	LOWELL BRIGHT FUTURES - 7351	40.033944	-75.12118
620	303	19120	2004	1230	FELTONVILLE ARTS & SCIENCES - 7500	40.033944	-75.12118
627	421	19104	2009	83	MCMICHAEL HEAD START - 1363	39.961612	-75.19957
626	568	19131	2009	12	OVERBROOK HIGH BRIGHT FUTURES - 4377	39.981112	-75.22486
625	27	19142	2003	1038	MORTON, THOMAS G. SCHOOL - 1380	39.922612	-75.23453
624	230	19144	2010	1218	GERMANTOWN HIGH SCHOOL - 6020	40.034111	-75.17203
450	436	19122	2010	51	DUNBAR HEAD START - 5252	39.977662	-75.14336
451	345	19123	2011	145	PHILADELPHIA HS FOR BUSINESS - 1090	39.964012	-75.14764
452	471	19120	2009	1126	OLNEY EAST HIGH SCHOOL - 7050	40.033944	-75.12118
453	340	19136	2011	155	PENNYPACK HOUSE SCHOOL - 8540	40.041111	-75.02644
455	545	19148	2009	39	ALGEN-FRANKLIN DAY NURSERY HS - 2280	39.919812	-75.15803
456	14	19143	2012	47	BRYANT, WILLIAM C. SCHOOL - 1230	39.944162	-75.22718
179	144	19132	2011	466	RHODES, E. WASHINGTON HIGH SCH - 4150	39.995412	-75.16977
178	454	19144	2004	8	GERMANTOWN HS CELC - 6247	40.034111	-75.17203
177	207	19122	2011	322	MCKINLEY, WILLIAM SCHOOL - 5350	39.977662	-75.14336
176	172	19121	2001	375	GIDEON, EDWARD SCHOOL - 4530	39.981062	-75.1745
175	191	19125	2002	563	ADAIRE, ALEXANDER SCHOOL - 5200	39.978162	-75.12565
174	88	19148	2007	396	VARE, ABIGAIL SCHOOL - 2720	39.919812	-75.15803
173	432	19123	2012	2	PARKWAY CENTER CITY HIGH SCHL - 5080	39.964012	-75.14764
172	327	19154	2011	200	LABRUM,GEN HARRY MIDDLE SCHOOL - 8320	40.09146	-74.97719
171	254	19144	2009	42	MCCLOSKEY HEAD START - 6319	40.034111	-75.17203
170	352	19151	2012	9	LAMBERTON,ROBERT E HIGH SCHOOL - 4330	39.975929	-75.25256
656	354	19132	2010	79	BRIGHT BEGINNINGS HEAD START - 4407	39.995412	-75.16977
183	255	19129	2010	288	MIFFLIN, THOMAS SCHOOL - 6320	40.011562	-75.1839
654	224	19123	2004	283	SPRING GARDEN SCHOOL - 5560	39.964012	-75.14764
182	322	19111	2003	393	FOX CHASE SCHOOL - 8260	40.057661	-75.08018
599	74	19103	2012	8	GREENFIELD, ALBERT M. SCHOOL - 2470	39.952162	-75.17406
180	293	19120	2009	917	WASHINGTON, GROVER JR. MIDDLE - 7370	40.033944	-75.12118
181	542	19152	2010	39	FEL - PALEY HS - 1630	40.059611	-75.04837
186	158	19151	2008	339	OVERBROOK ELEMENTARY SCHOOL - 4370	39.975929	-75.25256
184	336	19152	2012	38	POLLOCK, ROBERT B. SCHOOL - 8410	40.059611	-75.04837
651	530	19104	2011	95	COMMUNITY EDUC ALLIANCE HS - 2560	39.961612	-75.19957
652	34	19153	2001	645	PENROSE SCHOOL - 1440	39.898985	-75.23221
188	195	19134	2002	912	CONWELL, RUSSELL MIDDLE SCHOOL - 5230	39.991712	-75.11116
189	362	19124	2012	21	SHERIDAN WEST ACADEMY - 5650	40.017362	-75.08769
658	242	19119	2010	709	EMLEN, ELEANOR C. SCHOOL - 6220	40.053511	-75.18858
185	58	19146	2010	645	CHILDS, GEORGE W. SCHOOL - 2260	39.938512	-75.18067
11	373	19146	2011	2	SMITH SCHOOL CELC - 2449	39.938512	-75.18067
10	433	19114	2010	112	HOLME HEAD START - 8272	40.064257	-75.00155
12	45	19148	2006	1035	BOK, EDWARD HIGH SCHOOL - 2090	39.919812	-75.15803
15	204	19133	2010	511	HARTRANFT, JOHN F. SCHOOL - 5320	39.992862	-75.14054
14	400	19150	2010	42	MCCLOSKEY BRIGHT FUTURES - 6315	40.07226	-75.17106
17	87	19148	2010	46	TAGGART HEAD START - 2692	39.919812	-75.15803
19	389	19150	2012	2	PHILA MILITARY ACADEMY @ LEEDS - 6070	40.07226	-75.17106
753	87171	19118	2011	26	UNITED CEREBRAL PALSY ECE - 0075	40.07236	-75.20772
116	272	19124	2012	102	FRANKFORD HIGH SCHOOL - 7010	40.017362	-75.08769
756	87089	19139	2008	12	HAVERFORD CENTER ECE - 0078	39.961812	-75.23003
809	386813	19146	2010	20	BARRATT-CHILDS BRIGHT FUTURES - 2112	39.938512	-75.18067
322	490	19146	2007	11	ELLSWORTH BRIGHT FUTURES - 2405	39.938512	-75.18067
323	528	19122	2008	97	NORRIS SQUARE CIVIC ASSOC HS - 5872	39.977662	-75.14336
327	404	19121	2009	45	REYNOLDS HEAD START - 2422	39.981062	-75.1745
324	79	19147	2010	372	JACKSON, ANDREW SCHOOL - 2510	39.936562	-75.15409
325	512	19152	2011	21	RHAWNHURST BRIGHT FUTURES - 8586	40.059611	-75.04837
328	306	19126	2011	445	ROWEN, WILLIAM SCHOOL - 7530	40.055411	-75.13793
759	88068	19125	2007	3	PRESCHOOL PROJECT-WOOLSTON HS - 0079	39.978162	-75.12565
201	213	19133	2009	318	SHEPPARD, ISAAC A. SCHOOL - 5410	39.992862	-75.14054
774	234396	19119	2009	40	HOUSTON SCHOOL BRIGHT FUTURES - 6262	40.053511	-75.18858
203	55	19146	2010	660	ALCORN, JAMES SCHOOL - 2200	39.938512	-75.18067
202	42	19130	2012	30	FRANKLIN, BENJAMIN HIGH SCHOOL - 2010	39.968262	-75.17222
205	308	19136	2009	2085	LINCOLN, ABRAHAM HIGH SCHOOL - 8010	40.041111	-75.02644
204	167	19132	2011	349	HILL, LESLIE P. SCHOOL - 4450	39.995412	-75.16977
207	22	19143	2008	868	HUEY, SAMUEL B. SCHOOL - 1330	39.944162	-75.22718
209	319	19111	2012	8	CROSSAN, KENNEDY C. SCHOOL - 8230	40.057661	-75.08018
208	474	19121	2011	534	KENSINGTON CAPA - 5520	39.981062	-75.1745
779	242535	19136	2010	20	FORREST SCHOOL BRIGHT FUTURES - 8251	40.041111	-75.02644
778	242700	19140	2009	49	MC CLURE SCHOOL BRIGHT FUTURES - 7381	40.012212	-75.14503
77	394	19143	2011	66	WILSON HEAD START - 1431	39.944162	-75.22718
75	353	19140	2011	42	BETHUNE HEAD START - 7515	40.012212	-75.14503
73	427	19143	2009	23	ANDERSON SCHOOL BRIGHT FUTURES - 1465	39.944162	-75.22718
71	449	19121	2012	4	GIDEON HEAD START - 4535	39.981062	-75.1745
70	86	19148	2012	26	TAGGART, JOHN H. SCHOOL - 2690	39.919812	-75.15803
655	233	19141	2011	1002	GIRLS, PHILA HIGH SCHOOL FOR - 6050	40.035778	-75.1447
79	343	19139	2004	4	WEST PHILA CDC - 1038	39.961812	-75.23003
78	68	19145	2010	506	GIRARD ACADEMIC MUSIC PROGRAM - 2410	39.922262	-75.18259
2	259	19128	2012	13	SHAWMONT SCHOOL - 6380	40.038944	-75.22104
805	374277	19144	2011	51	OMBUDSMAN NORHTWEST TRANS. - 8490	40.034111	-75.17203
804	374276	19148	2011	114	OMBUDSMAN SOUTH TRANSITION - 8480	39.919812	-75.15803
669	282	19124	2001	1407	EDMUNDS, HENRY R. SCHOOL - 7250	40.017362	-75.08769
668	278	19120	2011	835	BARTON SCHOOL - 7200	40.033944	-75.12118
667	31	19104	2012	17	WASHINGTON, MARTHA SCHOOL - 1420	39.961612	-75.19957
666	1	19142	2008	1700	BARTRAM, JOHN HIGH - 1010	39.922612	-75.23453
664	486	19149	2011	29	KINDER ACADEMY - MAYFAIR HS - 1680	40.037711	-75.06658
663	275	19124	2012	52	HARDING, WARREN G. MIDDLE SCH - 7110	40.017362	-75.08769
662	499	19134	2008	102	KEN-CREST KENSINGTON HS - 2790	39.991712	-75.11116
769	228600	19139	2012	2	BARRY, JOHN SCHOOL HEAD START - 1201	39.961812	-75.23003
653	496	19133	2008	3	FAIRHILL BRIGHT FUTURES - 5288	39.992862	-75.14054
692	84485	19121	2009	34	COMMUNITY CONCERN ECE - 0014	39.981062	-75.1745
693	84486	19143	2011	16	CREATIVE CHILDREN'S ACDMY ECE - 0015	39.944162	-75.22718
690	84483	19124	2010	23	APM - LUZERNE ECE - 0012	40.017362	-75.08769
691	84484	19115	2009	41	BAMBI DAY CARE ECE - 0013	40.09261	-75.04118
696	84489	19122	2011	1	DRUEDING/PROJECT RAINBOW ECE - 0018	39.977662	-75.14336
697	84490	19131	2007	16	GLOBAL LEADERSHIP ACADEMY ECE - 0019	39.981112	-75.22486
695	84488	19148	2009	33	YEP/DISCOVERY PLACE ECE - 0017	39.919812	-75.15803
698	84491	19124	2011	66	GRACE TRINITY ECE - 0020	40.017362	-75.08769
699	83910	19142	2007	4	GREATER HOPE ECE - 0021	39.922612	-75.23453
542	179	19122	2003	1633	PENN, WILLIAM HIGH SCHOOL - 5040	39.977662	-75.14336
543	403	19151	2010	37	OVERBROOK ELEM HEAD START - 4372	39.975929	-75.25256
540	168	19121	2009	424	DUCKREY, TANNER SCHOOL - 4460	39.981062	-75.1745
541	48	19145	2010	388	VARE, EDWIN H. MIDDLE SCHOOL - 2120	39.922262	-75.18259
546	500	19147	2012	1	NEBINGER SCHOOL BRIGHT FUTURES - 2595	39.936562	-75.15409
547	264	19144	2002	366	LINGELBACH, ANNA L. SCHOOL - 6440	40.034111	-75.17203
544	534	19114	2009	21	JUST CHILDREN-GRANT HS - 2570	40.064257	-75.00155
545	89	19147	2010	318	WASHINGTON, GEORGE SCHOOL - 2730	39.936562	-75.15409
8	381	19138	2011	3	KINSEY SCHOOL CELC - 6289	40.055861	-75.15654
548	333	19152	2012	37	FARRELL, LOUIS H. SCHOOL - 8380	40.059611	-75.04837
549	139	19131	2008	584	BEEBER, DIMNER MIDDLE SCHOOL - 4100	39.981112	-75.22486
598	236	19150	2005	473	LEEDS, MORRIS E. MIDDLE SCHOOL - 6100	40.07226	-75.17106
120	351	19125	2006	48	KENSINGTON ANNEX HEAD START - 5018	39.978162	-75.12565
121	426	19143	2004	22	ST. MARY'S PREKINDERGARTEN - 1389	39.944162	-75.22718
122	540	19146	2011	15	DCS - WESTERN HS - 8838	39.938512	-75.18067
123	41	19148	2012	55	SOUTH PHILADELPHIA H.S. - 2000	39.919812	-75.15803
125	305	19140	2011	126	TRINIDAD HEAD START - 7514	40.012212	-75.14503
128	384	19148	2010	46	SOUTH PHILA HEAD START - 2003	39.919812	-75.15803
129	572	19142	2008	295	SOUTHWEST ACCELERATED ACADEMY - 8520	39.922612	-75.23453
414	552	19104	2012	1	HIGH SCHOOL OF THE FUTURE - 1030	39.961612	-75.19957
411	472	19107	2008	334	OIC CADI - 8070	39.952112	-75.15853
413	318	19136	2002	571	BROWN, JOSEPH H. SCHOOL - 8210	40.041111	-75.02644
498	637	19124	2011	1	JUNIATA PARK HEAD START - 7152	40.017362	-75.08769
319	532	19104	2011	10	CARING CENTER HS - 1601	39.961612	-75.19957
318	502	19138	2009	9	HILL-FREEDMAN HEAD START - 6464	40.055861	-75.15654
313	430	19121	2010	97	MORRIS HEAD START - 2392	39.981062	-75.1745
312	446	19104	2009	40	PENN/ALEXANDER HEAD START - 128P	39.961612	-75.19957
311	414	19152	2004	21	POLLOCK SCHOOL BRIGHT FUTURES - 8415	40.059611	-75.04837
317	369	19139	2011	5	HAVERFORD CENTER CELC - 1479	39.961812	-75.23003
316	294	19140	2010	559	MC CLURE, ALEXANDER K. SCHOOL - 7380	40.012212	-75.14503
315	205	19133	2008	603	HUNTER, WILLIAM H. SCHOOL - 5330	39.992862	-75.14054
496	315	19115	2011	1320	BALDI MIDDLE SCHOOL - 8160	40.09261	-75.04118
832	561091	19124	2011	30	PHILA YOUTH DEVELOPMENT ACAD. - 3560	40.017362	-75.08769
833	568073	19103	2010	19	LEIDY BRIGHT FUTURES - 1532	39.952162	-75.17406
831	532676	19122	2012	1	CROSSROADS @ ELVERSON - 8690	39.977662	-75.14336
836	580291	19140	2011	79	EXCEL @ HUNTING PARK - 3590	40.012212	-75.14503
837	568072	19125	2012	12	KENSINGTON URBAN EDUCATION - 5600	39.978162	-75.12565
834	580290	19142	2011	410	DVHS ACCELERATED ACADEMY SW - 3570	39.922612	-75.23453
835	568074	19148	2012	39	OIC CLA - 3580	39.919812	-75.15803
838	568075	19144	2011	5	ROOSEVELT MS BRIGHT FUTURES - 6111	40.034111	-75.17203
839	580288	19140	2011	13	ABRAXAS @ HUNTING PARK - 8740	40.012212	-75.14503
3	274	19141	2010	565	COOKE, JAY ELEMENTARY SCHOOL - 7100	40.035778	-75.1447
366	223	19134	2011	872	SHERIDAN, PHILIP H. SCHOOL - 5530	39.991712	-75.11116
367	311	19114	2006	736	SWENSON ARTS/TECH HIGH SCHOOL - 8090	40.064257	-75.00155
365	3	19104	2010	317	ROBESON, PAUL HIGH SCHOOL - 1050	39.961612	-75.19957
362	150	19121	2007	22	DICK, WILLIAM HEAD START - 4272	39.981062	-75.1745
360	392	19130	2004	6	FRANKLIN LEARNING CTR CELC - 2291	39.968262	-75.17222
381	193	19133	2005	645	CLYMER, GEORGE SCHOOL - 5220	39.992862	-75.14054
382	44	19107	2004	564	PHILA REGIONAL HIGH SCHOOL - 2060	39.952112	-75.15853
383	516	19107	2011	30	CHINATOWN LEARNING CENTER HS - 1620	39.952112	-75.15853
384	508	19125	2012	3	KEN-CREST LEHIGH HEAD START - 2700	39.978162	-75.12565
385	270	19128	2011	211	AMY NORTHWEST - 6480	40.038944	-75.22104
386	81	19148	2004	422	KEY, FRANCIS SCOTT SCHOOL - 2540	39.919812	-75.15803
387	19	19139	2003	778	HAMILTON, ANDREW SCHOOL - 1290	39.961812	-75.23003
389	357	19116	2005	147	DELAWARE VALLEY HIGH SCHOOL - 8060	40.117413	-75.0154
786	352262	19147	2010	27	NEBINGER HEAD START - 2592	39.936562	-75.15409
787	360029	19154	2011	111	PHASE 4 LEARNING CENTER - 8600	40.09146	-74.97719
781	248855	19104	2010	14	SOUND START ECE - 0085	39.961612	-75.19957
782	248861	19148	2011	24	CARING PEOPLE ALLIANCE- S. ECE - 0086	39.919812	-75.15803
605	339	19116	2007	811	LOESCHE, WILLIAM H. SCHOOL - 8440	40.117413	-75.0154
579	590	19145	2011	1	BREGY PARENT COOP. NURSERY - 2243	39.922262	-75.18259
573	65	19147	2010	504	MEREDITH, WILLIAM M. SCHOOL - 2380	39.936562	-75.15409
572	470	19149	2006	360	EXCEL ACADEMY NORTH - 8080	40.037711	-75.06658
571	363	19133	2007	29	DEBURGOS HEAD START - 517P	39.992862	-75.14054
570	218	19140	2011	756	CRAMP, WILLIAM SCHOOL - 5470	40.012212	-75.14503
577	521	19129	2010	29	MIFFLIN BRIGHT FUTURES - 6328	40.011562	-75.1839
576	415	19132	2006	33	WRIGHT HEAD START - 4399	39.995412	-75.16977
575	145	19139	2010	56	DAROFF, SAMUEL SCHOOL - 4210	39.961812	-75.23003
574	180	19134	2009	987	MASTBAUM, JULES E. HIGH SCHOOL - 5060	39.991712	-75.11116
60	163	19132	2010	593	WHITTIER, JOHN G. SCHOOL - 4430	39.995412	-75.16977
61	151	19131	2011	404	GOMPERS, SAMUEL SCHOOL - 4280	39.981112	-75.22486
62	78	19130	2006	308	WARING, LAURA W. SCHOOL - 2490	39.968262	-75.17222
259	263	19144	2006	508	WISTER, JOHN SCHOOL - 6430	40.034111	-75.17203
64	397	19139	2010	312	PARKWAY WEST HIGH SCHOOL - 5090	39.961812	-75.23003
65	338	19115	2011	705	GREENBERG, JOSEPH SCHOOL - 8430	40.09261	-75.04118
66	555	19103	2012	3	SCIENCE LEADERSHIP ACADEMY - 2650	39.952162	-75.17406
67	176	19140	2010	2109	EDISON, THOMAS A. HIGH SCHOOL - 5020	40.012212	-75.14503
68	509	19141	2005	18	BIRNEY HEAD START - 7218	40.035778	-75.1447
69	330	19149	2012	57	SPRUANCE, GILBERT SCHOOL - 8350	40.037711	-75.06658
250	285	19120	2006	1290	FRANKLIN, BENJAMIN SCHOOL - 7280	40.033944	-75.12118
256	43	19147	2010	712	CREATIVE AND PERFORMING ARTS - 2020	39.936562	-75.15409
257	277	19126	2008	692	WAGNER, GEN. LOUIS MIDDLE SCH. - 7130	40.055411	-75.13793
254	316	19114	2007	531	HANCOCK, JOHN SCHOOL - 8180	40.064257	-75.00155
255	154	19140	2002	682	KENDERTON SCHOOL - 4310	40.012212	-75.14503
603	251	19128	2004	3	LEVERING-COMPREHEN. DAY CARE - 6298	40.038944	-75.22104
731	87110	19120	2012	6	ASPIRA ECE - 0053	40.033944	-75.12118
730	87109	19133	2011	22	APM - MARSHALL ECE - 0052	39.992862	-75.14054
733	87112	19107	2009	18	CHINATOWN LEARNING CENTER ECE - 0055	39.952112	-75.15853
732	87111	19106	2011	45	CHILDREN'S VILLAGE ECE - 0054	39.951062	-75.14589
735	87114	19146	2012	3	DCS - WESTERN ECE - 0057	39.938512	-75.18067
734	87113	19145	2011	24	DCS - DIXON ECE - 0056	39.922262	-75.18259
737	87117	19152	2008	55	FEL - PALEY ECE - 0059	40.059611	-75.04837
736	87116	19116	2011	20	FEL - LASSIN ECE - 0058	40.117413	-75.0154
739	87126	19134	2010	28	KEN-CREST - KENSINGTON ECE - 0061	39.991712	-75.11116
738	87125	19114	2010	88	JUST CHILDREN - GRANT ECE - 0060	40.064257	-75.00155
505	325	19149	2010	1137	MAYFAIR SCHOOL - 8300	40.037711	-75.06658
503	280	19111	2004	1538	CARNELL, LAURA H. SCHOOL - 7220	40.057661	-75.08018
500	8	19139	2008	144	SULZBERGER, MAYER MIDDLE SCH. - 1120	39.961812	-75.23003
501	243	19144	2012	6	FITLER ACADEMICS PLUS - 6230	40.034111	-75.17203
630	337	19154	2002	861	DECATUR, STEPHEN SCHOOL - 8420	40.09146	-74.97719
632	252	19141	2005	510	LOGAN, JAMES SCHOOL - 6300	40.035778	-75.1447
633	398	19124	2012	3	FERGUSON HEAD START - 5293	40.017362	-75.08769
634	441	19146	2008	13	MCDANIEL ANNEX CELC - 2371	39.938512	-75.18067
635	571	19130	2012	24	GATEWAY TO COLLEGE - 8100	39.968262	-75.17222
637	281	19120	2004	990	CREIGHTON, THOMAS SCHOOL - 7240	40.033944	-75.12118
465	307	19140	2009	799	CLEMENTE, ROBERTO MIDD. SCHOOL - 7730	40.012212	-75.14503
639	422	19147	2010	43	JACKSON HEAD START - 2512	39.936562	-75.15409
467	510	19132	2012	4	ALLEN, DR ETHEL BRIGHT FUTURES - 4445	39.995412	-75.16977
466	320	19135	2008	1023	DISSTON, HAMILTON SCHOOL - 8240	40.023611	-75.04966
461	356	19121	2011	79	MEADE HEAD START - 4572	39.981062	-75.1745
460	580	19130	2007	1	EVEN START - 1701	39.968262	-75.17222
168	468	19144	2004	1	GERMANTOWN HIGH TEEN PARENT - 6248	40.034111	-75.17203
165	300	19149	2011	587	ZIEGLER, WILLIAM H. SCHOOL - 7460	40.037711	-75.06658
166	544	19142	2009	48	PATTERSON SCHOOL HEAD START - 1402	39.922612	-75.23453
160	442	19111	2007	18	CROSSAN BRIGHT FUTURES - 8836	40.057661	-75.08018
161	260	19140	2008	608	STEEL, EDWARD SCHOOL - 6390	40.012212	-75.14503
162	276	19124	2003	1813	FELS, SAMUEL HIGH SCHOOL - 7120	40.017362	-75.08769
163	164	19132	2004	21	WHITTIER-COMPREHEN. DAY CARE - 4431	39.995412	-75.16977
600	396	19147	2011	45	WASHINGTON, G. HEAD START - 2732	39.936562	-75.15409
646	365	19126	2009	21	NIA CELC - 6347	40.055411	-75.13793
649	67	19146	2005	369	PEIRCE, WILLIAM S. HIGH SCHOOL - 2400	39.938512	-75.18067
648	376	19133	2011	4	RIVERA CELC - 5218	39.992862	-75.14054
357	288	19120	2008	853	FELTONVILLE INTERMEDIATE - 7310	40.033944	-75.12118
356	409	19141	2010	20	GIRLS HIGH BRIGHT FUTURES - 6055	40.035778	-75.1447
355	302	19141	2002	682	PRINCE HALL - 7490	40.035778	-75.1447
808	386814	19146	2009	28	BARRATT-CHILDS HEAD START - 2111	39.938512	-75.18067
353	326	19111	2011	1223	MOORE, J. HAMPTON SCHOOL - 8310	40.057661	-75.08018
352	348	19104	2012	3	WALNUT CTR/DREW HEAD START - 1277	39.961612	-75.19957
351	383	19143	2011	3	MASTERY-HARRITY CELC - 1311	39.944162	-75.22718
803	374258	19140	2012	73	PHILA LEARNING ACADEMY-NORTH - 8470	40.012212	-75.14503
802	374259	19104	2011	346	PHILA LEARNING ACADEMY-SOUTH - 8460	39.961612	-75.19957
801	372581	19140	2009	155	OMBUDSMAN HUNTING PARK TRANS - 8650	40.012212	-75.14503
800	370319	19115	2010	22	GREENBERG BRIGHT FUTURES - 8431	40.09261	-75.04118
807	374299	19129	2010	502	DELAWARE VALLEY HIGH SCHOOL - 8680	40.011562	-75.1839
806	374300	19135	2009	9	OMBUDSMAN EAST TRANSITION - 8670	40.023611	-75.04966
359	331	19152	2006	545	RHAWNHURST SCHOOL - 8360	40.059611	-75.04837
358	313	19152	2010	698	MEEHAN, AUSTIN MIDDLE SCHOOL - 8140	40.059611	-75.04837
217	165	19132	2011	490	ALLEN, DR. ETHEL SCHOOL - 4440	39.995412	-75.16977
214	287	19124	2010	1031	HOPKINSON, FRANCIS SCHOOL - 7300	40.017362	-75.08769
215	529	19148	2012	3	KEN-CREST SOUTH HEAD START - 2770	39.919812	-75.15803
212	439	19131	2007	52	HESTON HEAD START - 4309	39.981112	-75.22486
213	488	19122	2007	9	PENN, WILLIAM HIGH SCHOOL CELC - 5049	39.977662	-75.14336
210	37	19139	2010	555	LOCKE, ALAIN SCHOOL - 1470	39.961812	-75.23003
762	197240	19115	2008	19	KINDER ACADEMY-CALVARY ECE - 0081	40.09261	-75.04118
761	197238	19154	2009	2	YMCA OF PHILA - NE ECE HALF - 0080	40.09146	-74.97719
766	233032	19140	2008	45	ST. HUGH'S HEAD START - 0082	40.012212	-75.14503
218	416	19132	2005	49	STANTON, M.H. HEAD START - 4408	39.995412	-75.16977
219	227	19140	2011	746	MUNOZ-MARIN, HON LUIS SCHOOL - 5680	40.012212	-75.14503
288	492	19130	2010	46	BACHE MARTIN BRIGHT FUTURES - 2215	39.968262	-75.17222
4	520	19148	2008	9	SOUTH PHILA HIGH BF - 200A	39.919812	-75.15803
281	9	19142	2005	1118	TILDEN MIDDLE SCHOOL - 1130	39.922612	-75.23453
280	589	19145	2012	2	VARE, E. MS HEAD START - 2121	39.922262	-75.18259
283	174	19121	2011	395	MEADE, GEN. GEORGE G. SCHOOL - 4570	39.981062	-75.1745
282	527	19131	2010	49	BLANKENBURG SCHOOL HEAD START - 1492	39.981112	-75.22486
285	494	19133	2011	4	RIVERA BRIGHT FUTURES - 5215	39.992862	-75.14054
284	445	19148	2012	1	SHARSWOOD HEAD START - 2632	39.919812	-75.15803
287	210	19133	2003	489	CEP/ALLEGHENY - 5380	39.992862	-75.14054
286	279	19141	2004	717	BIRNEY, GEN. DAVID B. SCHOOL - 7210	40.035778	-75.1447
679	78563	19111	2010	301	NORTHEAST HIGH SCHOOL EOP - 3850	40.057661	-75.08018
674	78294	19142	2009	629	BARTRAM HIGH SCHOOL EOP - 3800	39.922612	-75.23453
675	78792	19140	2010	193	EDISON HIGH SCHOOL EOP - 3810	40.012212	-75.14503
676	78793	19124	2009	369	FRANKFORD HIGH SCHOOL EOP - 3820	40.017362	-75.08769
677	78794	19144	2010	329	GERMANTOWN HIGH SCHOOL EOP - 3830	40.034111	-75.17203
671	196	19125	2007	262	DOUGLAS,STEPHEN A. HIGH SCHOOL - 5240	39.978162	-75.12565
672	78796	19121	2008	6	HAVEN PENIEL UMC - 1704	39.981062	-75.1745
673	78500	19130	2010	24	YOUNG WORLD HEAD START - 1705	39.968262	-75.17222
263	560	19143	2009	44	LONGSTRETH HEAD START - 1353	39.944162	-75.22718
262	476	19125	2007	510	KENSINGTON CULINARY ARTS - 5550	39.978162	-75.12565
261	467	19141	2012	1	PRINCE HALL HEAD START - 7832	40.035778	-75.1447
260	194	19133	2011	14	CARINO HEAD START - 5222	39.992862	-75.14054
267	428	19138	2006	14	HILL-FREEDMAN BRIGHT FUTURES - 6465	40.055861	-75.15654
266	219	19125	2011	82	LITTLE PEOPLE KENS HEAD START - 5472	39.978162	-75.12565
265	391	19124	2010	47	STEARNE HEAD START - 7293	40.017362	-75.08769
269	453	19130	2004	30	WARING HEAD START - 2492	39.968262	-75.17222
268	547	19121	2006	14	ADC-HOPE DAY NURSERY HS - 2460	39.981062	-75.1745
701	85046	19111	2012	2	KEN-CREST NORTHEAST ECE - 0023	40.057661	-75.08018
59	324	19114	2012	26	HOLME, THOMAS SCHOOL - 8270	40.064257	-75.00155
55	387	19140	2006	49	TIOGA HEAD START - 4262	40.012212	-75.14503
57	192	19125	2011	637	BROWN, HENRY A. SCHOOL - 5210	39.978162	-75.12565
258	563	19118	2010	10	UNITED CEREBRAL PALSY HS - 1660	40.07236	-75.20772
52	513	19146	2012	1	STANTON, EM BRIGHT FUTURES - 2455	39.938512	-75.18067
537	140	19132	2004	639	FITZSIMONS, THOMAS HIGH SCHOOL - 4110	39.995412	-75.16977
536	503	19143	2011	22	COMEGYS BRIGHT FUTURES - 1268	39.944162	-75.22718
63	136	19131	2001	2389	OVERBROOK HIGH SCHOOL - 4020	39.981112	-75.22486
533	202	19125	2012	15	HACKETT, HORATIO B. SCHOOL - 5300	39.978162	-75.12565
532	25	19104	2008	350	MC MICHAEL, MORTON SCHOOL - 1360	39.961612	-75.19957
531	349	19143	2012	3	BRYANT HEAD START - 1231	39.944162	-75.22718
539	36	19143	2010	667	ANDERSON, ADD B. SCHOOL - 1460	39.944162	-75.22718
775	233028	19146	2010	61	PECC - BILINGUAL HS - 0083	39.938512	-75.18067
777	204211	19145	2010	528	AUDENRIED, CHARLES Y. SR. HIGH - 2800	39.922262	-75.18259
114	358	19122	2010	41	SALVATION ARMY HEAD START - 5373	39.977662	-75.14336
117	269	19144	2010	70	DE PAUL CENTER HEAD START - 6474	40.034111	-75.17203
776	228601	19104	2012	1	CARING PEOPLE ALLIANCE- W. ECE - 0084	39.961612	-75.19957
110	425	19143	2010	42	MASTERY-HARRITY SCHOOL HD ST - 1331	39.944162	-75.22718
113	517	19143	2010	40	WOODLAND ACADEMY HEAD START - 2180	39.944162	-75.22718
770	233027	19154	2009	1	NHS AUTISM SCHOOL - 1947	40.09146	-74.97719
773	234397	19133	2010	51	HUNTER SCHOOL HEAD START - 5332	39.992862	-75.14054
772	227447	19140	2010	25	EDISON HIGH BRIGHT FUTURES - 5026	40.012212	-75.14503
429	212	19134	2012	32	RICHMOND SCHOOL - 5400	39.991712	-75.11116
428	466	19115	2004	2	PARENT NURSERY-ANNE FRANK - 8833	40.09261	-75.04118
421	399	19150	2006	9	REFORMATION CHURCH CELC - 6218	40.07226	-75.17106
420	564	19120	2012	4	CEDAR GROVE HEAD START - 1670	40.033944	-75.12118
423	17	19104	2005	438	DREW, CHARLES R. SCHOOL - 1270	39.961612	-75.19957
422	153	19131	2010	553	HESTON, EDWARD SCHOOL - 4300	39.981112	-75.22486
425	138	19132	2003	1921	DOBBINS, MURRELL HIGH SCHOOL - 4060	39.995412	-75.16977
424	28	19104	2010	269	POWEL, SAMUEL SCHOOL - 1390	39.961612	-75.19957
427	423	19121	2009	51	LUDLOW HEAD START - 5342	39.981062	-75.1745
426	60	19146	2002	220	DURHAM, THOMAS SCHOOL - 2300	39.938512	-75.18067
309	30	19139	2011	734	RHOADS, JAMES SCHOOL - 1410	39.961812	-75.23003
855	1215075	19133	2011	222	PYDA @ HUNTING PARK - EOP - 3200	39.992862	-75.14054
300	334	19154	2011	883	FITZPATRICK, A. L. SCHOOL - 8390	40.09146	-74.97719
302	137	19121	2011	743	ENGINEERING & SCIENCE HIGH - 4030	39.981062	-75.1745
303	59	19130	2004	707	FRANKLIN LEARNING CENTER - 2290	39.968262	-75.17222
304	33	19143	2012	3	WILSON, ALEXANDER SCHOOL - 1430	39.944162	-75.22718
305	199	19122	2004	126	PHILADELPHIA MILITARY ACADEMY - 5270	39.977662	-75.14336
307	71	19147	2005	27	PALUMBO HEAD START - 2431	39.936562	-75.15409
827	407639	19131	2010	90	OMBUDSMAN WEST ACCELERATED - 3520	39.981112	-75.22486
847	1032049	19140	2011	20	CLEVELAND BRIGHT FUTURES - 4263	40.012212	-75.14503
846	1014997	19140	2012	102	CROSSROADS @ HUNTING PARK - 3190	40.012212	-75.14503
845	1014998	19146	2011	125	CROSSROADS @ KING OF PEACE - 3180	39.938512	-75.18067
372	155	19151	2012	27	LAMBERTON,ROBERT E ELEMENTARY - 4320	39.975929	-75.25256
843	1015006	19104	2011	198	PYDA @ E.S. MILLER - 3120	39.961612	-75.19957
842	1014880	19148	2012	2	SOUTHWARK SCHOOL HEAD START - 2641	39.919812	-75.15803
841	732289	19139	2010	85	WEST PHILA HIGH SCHOOL EOP - 3910	39.961812	-75.23003
840	580289	19145	2011	24	ABRAXAS @ KING OF PEACE - 8750	39.922262	-75.18259
821	386802	19131	2009	17	ABRAXAS @ BLANKENBURG ELEM. - 8810	39.981112	-75.22486
853	1014881	19149	2011	21	SPRUANCE SCHOOL HEAD START - 8352	40.037711	-75.06658
820	386805	19143	2010	12	ABRAXAS @ HARRINGTON ELEM. - 8809	39.944162	-75.22718
823	407640	19143	2011	179	PERFORMANCE LEARNING CENTER - 3270	39.944162	-75.22718
822	386807	19133	2010	31	ABRAXAS @ HARTRANFT COMNTY CTR - 8811	39.992862	-75.14054
568	301	19136	2011	441	BRIDESBURG SCHOOL - 7470	40.041111	-75.02644
752	87170	19106	2010	35	TUNY HAVEN ECE - 0074	39.951062	-75.14589
751	87169	19104	2011	12	CARING CENTER ECE - 0073	39.961612	-75.19957
750	87106	19154	2011	85	SPIN - DRUMMOND ECE - 0072	40.09146	-74.97719
757	87102	19131	2008	29	OVERBROOK HIGH SCHOOL ECE - 4021	39.981112	-75.22486
508	525	19120	2009	16	LOWELL HEAD START - 7352	40.033944	-75.12118
755	87173	19130	2011	48	YOUNG WORLD EARLY LEARNING ECE - 0077	39.968262	-75.17222
754	87172	19143	2010	34	WOODLAND ACADEMY ECE - 0076	39.944162	-75.22718
560	635	19124	2012	9	JUNIATA PARK ACADEMY - 7150	40.017362	-75.08769
562	519	19140	2008	11	MUNOZ-MARIN BRIGHT FUTURES - 5687	40.012212	-75.14503
563	225	19134	2012	45	WEBSTER, JOHN H. SCHOOL - 5590	39.991712	-75.11116
565	15	19142	2012	34	CATHARINE, JOSEPH SCHOOL - 1250	39.922612	-75.23453
566	582	19130	2008	68	CRADLE TO THE CLASSROOM - 1703	39.968262	-75.17222
567	226	19134	2012	5	HILTON STREET HEAD START - 5593	39.991712	-75.11116
229	84	19148	2012	14	SHARSWOOD, GEORGE SCHOOL - 2630	39.919812	-75.15803
228	82	19147	2007	371	KIRKBRIDE, ELIZA B. SCHOOL - 2580	39.936562	-75.15409
226	32	19104	2005	48	WASHINGTON, MARTHA HEAD START - 1423	39.961612	-75.19957
225	469	19125	2006	613	KENSINGTON BUSINESS, FINANCE - 5510	39.978162	-75.12565
224	57	19145	2010	457	BREGY, F. AMEDEE SCHOOL - 2240	39.922262	-75.18259
223	558	19145	2009	27	DCS - DIXON HS - 8840	39.922262	-75.18259
220	367	19142	2007	7	PATTERSON SCHOOL CELC - 1401	39.922612	-75.23453
391	312	19111	2003	1379	WILSON, WOODROW MIDDLE SCHOOL - 8120	40.057661	-75.08018
726	84477	19128	2010	1	YMCA OF PHILA - ROXBOROUGH ECE - 0048	40.038944	-75.22104
724	84475	19121	2010	1	YMCA OF PHILA - NORTH ECE - 0046	39.981062	-75.1745
725	84476	19154	2008	30	YMCA OF PHILA - NORTHEAST ECE - 0047	40.09146	-74.97719
722	84473	19123	2007	74	LEADERSHIP LEARNING ECE - 0044	39.964012	-75.14764
723	84474	19134	2011	65	WE CARE LEARNING CENTER ECE - 0045	39.991712	-75.11116
720	84471	19132	2010	52	TOTAL CHILDCARE/PRODIGY ECE - 0042	39.995412	-75.16977
721	84472	19146	2011	17	UNIVERSAL INSTITUTE ECE - 0043	39.938512	-75.18067
728	87137	19148	2012	1	ALGEN - FRANKLIN DAY ECE - 0050	39.919812	-75.15803
729	87138	19123	2007	4	ADC - HOPE DAY ECE - 0051	39.964012	-75.14764
151	77	19146	2009	3	ELLSWORTH CELC - 2488	39.938512	-75.18067
604	238	19144	2003	754	PICKETT, CLARENCE E MIDDLE SCH - 6150	40.034111	-75.17203
607	203	19122	2010	245	HARRISON, WILLIAM H. SCHOOL - 5310	39.977662	-75.14336
152	296	19120	2012	37	OLNEY ELEMENTARY SCHOOL - 7400	40.033944	-75.12118
155	135	19140	2009	1527	GRATZ, SIMON HIGH SCHOOL - 4010	40.012212	-75.14503
154	16	19143	2011	495	COMEGYS, BENJAMIN B. SCHOOL - 1260	39.944162	-75.22718
157	29	19142	2011	749	PATTERSON, JOHN M. SCHOOL - 1400	39.922612	-75.23453
602	159	19132	2011	451	PEIRCE, THOMAS M. SCHOOL - 4380	39.995412	-75.16977
159	410	19136	2009	27	LINCOLN HIGH CELC - 8015	40.041111	-75.02644
158	371	19104	2008	24	LEIDY SCHOOL CELC - 1531	39.961612	-75.19957
112	52	19148	2003	412	THOMAS, GEORGE C. MIDDLE SCHL - 2150	39.919812	-75.15803
609	215	19134	2010	430	AMY 5 AT JAMES MARTIN - 5430	39.991712	-75.11116
80	366	19122	2004	5	WANAMAKER CDC - 5860	39.977662	-75.14336
468	239	19138	2005	614	LEWIS, ADA H. MIDDLE SCHOOL - 6160	40.055861	-75.15654
749	87105	19147	2009	30	SETTLEMENT MUSIC - QUEEN ECE - 0071	39.936562	-75.15409
398	185	19125	2005	779	PENN TREATY MIDDLE SCHOOL - 5110	39.978162	-75.12565
48	47	19146	2009	197	BARRATT, NORRIS S. MIDDLE SCH - 2110	39.938512	-75.18067
46	169	19132	2010	509	WRIGHT, RICHARD R. SCHOOL - 4470	39.995412	-75.16977
47	178	19130	2011	732	RETI-WRAP TRANSITION CENTER - 5031	39.968262	-75.17222
44	12	19139	2004	633	BARRY, JOHN ELEMENTARY SCHOOL - 1200	39.961812	-75.23003
45	21	19143	2007	671	HARRITY, WILLIAM F. SCHOOL - 1310	39.944162	-75.22718
42	299	19140	2010	663	TAYLOR, BAYARD SCHOOL - 7440	40.012212	-75.14503
43	304	19140	2005	677	BETHUNE, MARY MCLEOD SCHOOL - 7510	40.012212	-75.14503
40	553	19106	2006	26	YOUTHBUILD ALTERNATIVE SCHOOL - 5190	39.951062	-75.14589
41	262	19128	2012	9	COOK-WISSAHICKON SCHOOL - 6410	40.038944	-75.22104
486	627	19150	2010	27	EDMONDS CELC - 6212	40.07226	-75.17106
485	447	19148	2005	6	SOUTH PHILA CELC - 2008	39.919812	-75.15803
484	541	19121	2010	37	WOMEN'S CHRISTIAN HEAD START - 1610	39.981062	-75.1745
483	62	19145	2011	604	GIRARD, STEPHEN SCHOOL - 2320	39.922262	-75.18259
482	485	19106	2011	43	TUNY HAVEN HEAD START - 2170	39.951062	-75.14589
480	536	19140	2012	11	PORTERS DAY CARE HEAD START - 2070	40.012212	-75.14503
509	328	19154	2010	560	CAMELOT SCHOOL @ WOODHAVEN - 8330	40.09146	-74.97719
472	533	19131	2006	19	JUST CHILDREN-CONSHOHOCKEN HS - 2610	39.981112	-75.22486
473	388	19140	2010	22	CLEVELAND SCHOOL CELC - 4268	40.012212	-75.14503
470	491	19133	2011	42	POTTER THOMAS HEAD START - 5398	39.992862	-75.14054
471	537	19124	2005	21	PRESCHOOL PROJ FRANKLIN DAY HS - 1240	40.017362	-75.08769
476	514	19132	2006	13	WHITTIER SCHOOL BRIGHT FUTURES - 4435	39.995412	-75.16977
474	228	19133	2012	8	RIVERA CENTER HEAD START - 5870	39.992862	-75.14054
475	482	19144	2010	31	SETTLEMENT MUSIC HEAD START - 2080	40.034111	-75.17203
478	504	19140	2012	1	MUNOZ-MARIN HEAD START - 5689	40.012212	-75.14503
479	477	19133	2010	315	FAIRHILL COMMUNITY HS - 8190	39.992862	-75.14054
